{"cameraMode":{"drawMode":0,"name":"Shaded","section":"Shading Mode"},"sceneLighting":false,"audioPlay":false,"sceneViewState":{"showFog":true,"showMaterialUpdate":false,"showSkybox":false,"showFlares":true,"showImageEffects":true,"showParticleSystems":true},"in2DMode":false,"pivot":{"x":-1.4901161193847657e-8,"y":-0.06592729687690735,"z":-0.03994840756058693},"rotation":{"x":0.030609795823693277,"y":-0.7657656073570252,"z":-0.03654805198311806,"w":-0.6413503289222717},"size":0.7478997111320496,"orthographic":false}