{"cameraMode":{"drawMode":0,"name":"Shaded","section":"Shading Mode"},"sceneLighting":false,"audioPlay":false,"sceneViewState":{"showFog":true,"showMaterialUpdate":false,"showSkybox":false,"showFlares":true,"showImageEffects":true,"showParticleSystems":true},"in2DMode":false,"pivot":{"x":0.6812385320663452,"y":0.01758579909801483,"z":-0.14991866052150727},"rotation":{"x":-0.12089244276285172,"y":0.7005326747894287,"z":-0.12227828800678253,"w":-0.6925944685935974},"size":0.13319730758666993,"orthographic":false}