{"cameraMode":{"drawMode":0,"name":"Shaded","section":"Shading Mode"},"sceneLighting":true,"audioPlay":false,"sceneViewState":{"showFog":true,"showMaterialUpdate":false,"showSkybox":true,"showFlares":true,"showImageEffects":true,"showParticleSystems":true},"in2DMode":false,"pivot":{"x":44.79310607910156,"y":-89.729248046875,"z":25.792457580566408},"rotation":{"x":-0.31727781891822817,"y":-0.6245054006576538,"z":0.3077091872692108,"w":-0.6439276337623596},"size":352.4010009765625,"orthographic":false}